name,email,twitter,facebook,instagram,youtube
A Cappella and Beatbox Society,acappellasoc@sheffield.ac.uk,https://twitter.com/shefacappella,https://www.facebook.com/shefacappella,https://www.instagram.com/shefacappella,
Bake Society,bakesoc@sheffield.ac.uk,https://twitter.com/bakesocsheff,https://www.facebook.com/sheffieldbakesoc/,https://www.instagram.com/bakesocsheff,https://youtube.com/user/https://www.youtube.com/channel/UCD7M1SkIvWDPVQHMXL2XDGw
Aviation and Simulation Society,aviate@sheffield.ac.uk,,https://www.facebook.com/groups/1244841025637949/,,
Benchball Society,Benchballsoc@sheffield.ac.uk,,https://www.facebook.com/benchsoc,https://www.instagram.com/uosbenchball,
Bellydance Society,bellydance@sheffield.ac.uk,https://twitter.com/SUBellyDance,https://www.facebook.com/UoSBellyDanceSociety/,https://www.instagram.com/uosbellydance,
Bar Society,bar.society@sheffield.ac.uk,https://twitter.com/barsocshefuni,https://www.facebook.com/groups/BarSoc/,https://www.instagram.com/barsoc_sheffuni,
Bhangra Society,kbudesha1@sheffield.ac.uk,,https://www.facebook.com/SheffieldUniversityBhangraSociety/,https://www.instagram.com/uosbhangrasoc,
Beekeeping Society,beekeeping@sheffield.ac.uk,https://twitter.com/twitter.com/sheffieldbees,https://www.facebook.com/facebook.com/uosbeesoc,https://www.instagram.com/instagram.com/sheffieldbeesoc,https://youtube.com/user/https://youtube.com/channel/UC_LC5MZcUwSZ9TvK27cIZlQ
Automatic Control and Systems Engineering Society,acse-society@sheffield.ac.uk,,https://www.facebook.com/groups/acsesoc/,,
Assassins' Guild Society,assassins@sheffield.ac.uk,https://twitter.com/SheffAssassins,https://www.facebook.com/groups/sheffieldassassins/,https://www.instagram.com/sheffassassins,
Architeers Society,architeerssoc@sheffield.ac.uk,https://twitter.com/Architeers,https://www.facebook.com/architeers,https://www.instagram.com/architeers,
Architecture Society,suas@sheffield.ac.uk,https://twitter.com/suas_news,https://www.facebook.com/sheffield.suas,https://www.instagram.com/suas_stories,
Archiscape Society,activities@sheffield.uk,,https://www.facebook.com/groups/788394274615911/about/,https://www.instagram.com/uos_archiscape,
Art Society,art@sheffield.ac.uk,,https://www.facebook.com/shefuniartsoc/,https://www.instagram.com/artsocsheffield,
Welfare Committee,welfare.committee@sheffield.ac.uk,,https://www.facebook.com/sheffieldwelfarecommittee,https://www.instagram.com/uniofshefwelfarecom,
Archaeology Society,arc.soc@sheffield.ac.uk,,https://www.facebook.com/SheffieldArcSoc,https://www.instagram.com/sheffieldarchsoc,
Volunteering Committee,volunteeringcommittee@sheffield.ac.uk,https://twitter.com/shef_volunteer,https://www.facebook.com/sheffvolcom,https://www.instagram.com/sheffvolcom,https://youtube.com/user/UCwiVE3sXvEz0R7i8LMwgPzw/featured
Technical Services Committee,tsc@sheffield.ac.uk,,https://www.facebook.com/TSCsheffield,https://www.instagram.com/tsc_sheffield,
Sports Committee,sports.committee@sheffield.ac.uk,,,,
Theatre Company Committee,theatre.company@sheffield.ac.uk,https://twitter.com/suTCo,https://www.facebook.com/SuTCo,,
Artificial Intelligence Society,aisoc@sheffield.ac.uk,,https://www.facebook.com/SheffAISoc,https://www.instagram.com/sheffaisoc,
Sustainability Committee,sustcom@sheffield.ac.uk,https://twitter.com/ShefUniSustCom,https://www.facebook.com/ShefUniSustCom/,https://www.instagram.com/sustcom,https://youtube.com/user/UCT-kY_db0qjaWHmn3QviO0g
Societies Committee,societiescommittee@sheffield.ac.uk,https://twitter.com/SocComSU,https://www.facebook.com/societiescommittee,https://www.instagram.com/societiescommittee,
Forge TV Committee,forgetv@sheffield.ac.uk,https://twitter.com/ForgeTV,https://www.facebook.com/ForgeTV,https://www.instagram.com/forgetelevision,https://youtube.com/user/ForgeTelevision
Nightline Committee,sunl@sheffield.ac.uk,,,https://www.instagram.com/sheffieldnightline,
Events Management Committee,enc@sheffield.ac.uk,https://twitter.com/EventsSociety,https://www.facebook.com/groups/160645264126136/,,
Forge Radio Committee,forgeradio@forgetoday.com,https://twitter.com/forgeradio,https://www.facebook.com/forgeradio,https://www.instagram.com/forgeradio,
Forge Press Editorial Team Committee,editor@forgetoday.com,https://twitter.com/ForgePress,https://www.facebook.com/ForgePress,,
Conservation Volunteers Committee,conservation.volunteers@sheffield.ac.uk,https://twitter.com/sucv1,https://www.facebook.com/sucvsheff,https://www.instagram.com/sucv1,
Film Unit Committee,film.unit@sheffield.ac.uk,https://twitter.com/filmunit,https://www.facebook.com/FilmUnitSheffield,https://www.instagram.com/film.unit.sheffield,
Debating Committee,sheffielddebating@gmaill.com,https://twitter.com/shefdebating,https://www.facebook.com/SheffieldDebatingSociety,,
Women's Committee,womens.committee@sheffield.ac.uk,https://twitter.com/shefunionwomcom,https://www.facebook.com/sheffieldwomcom,https://www.instagram.com/womenscommittee,
Postgraduate Committee,pgcommittee@sheffield.ac.uk,https://twitter.com/shefpostgrad,https://www.facebook.com/SheffPGCommittee,,
Mature Students' Committee,msc@sheffield.ac.uk,https://twitter.com/mscsheffield,https://www.facebook.com/MSCsheffield,,
LGBT Plus Committee,lgbt@sheffield.ac.uk,https://twitter.com/lgbtsu,https://www.facebook.com/SHEFLGBT/,https://www.instagram.com/lgbtsu,
International Students' Committee,isc@sheffield.ac.uk,https://twitter.com/sheffisc,https://www.facebook.com/groups/203825685821/,https://www.instagram.com/sheffisc,
Black and Minority Ethnic Students' Committee,bmesc@sheffield.ac.uk,,,,
Disabled and Dyslexic Students' Committee,dsc@sheffield.ac.uk,https://twitter.com/sheffielddsc,https://www.facebook.com/sheffielddsc,https://www.instagram.com/sheffielddsc,
Womens Hockey,hockey.womens@sheffield.ac.uk,https://twitter.com/ShefUniHockey,https://www.facebook.com/shefunihockey,https://www.instagram.com/TheSuwhc,
Womens Rugby Union,rugby.union.womens@sheffield.ac.uk,https://twitter.com/sulrfc,https://www.facebook.com/sulrfc,https://www.instagram.com/sulrfc_,
Womens Cricket,cricket.womens@sheffield.ac.uk,https://twitter.com/suwcc1,https://www.facebook.com/SUWCC,https://www.instagram.com/suwcc1,
Womens Basketball,womens.basketball@sheffield.ac.uk,https://twitter.com/UoSWB,https://www.facebook.com/UoSWB,https://www.instagram.com/uoswb,
Womens Football,football.womens@sheffield.ac.uk,https://twitter.com/suwfc1,https://www.facebook.com/suwfc1,https://www.instagram.com/suwfc,
Triathlon,triathlon@sheffield.ac.uk,,https://www.facebook.com/https://www.facebook.com/UoSTriathlon,https://www.instagram.com/sheffunitri,
Windsurfing,windsurfing@sheffield.ac.uk,,https://www.facebook.com/facebook.com/groups/360017034347089,https://www.instagram.com/gnarlysheff,
Volleyball,shefunivolleyball@gmail.com,,https://www.facebook.com/shefunivball,https://www.instagram.com/shefunivball,https://youtube.com/user/https://youtu.be/3ucQrtAoDmc
Walking,suwc@sheffield.ac.uk,,https://www.facebook.com/shefuniwalking,https://www.instagram.com/suwc_official,
Ultimate Frisbee,ultimate@sheffield.ac.uk,,https://www.facebook.com/uosultimate,https://www.instagram.com/uosheffultimate,https://youtube.com/user/UltimateFrisbeeSociety
Trampoline,trampolining@sheffield.ac.uk,https://twitter.com/twitter.com/uostrampoline,https://www.facebook.com/.facebook.com/shefftrampolining,https://www.instagram.com/instagram.com/uostrampoline,https://youtube.com/user/https://www.youtube.com/channel/UCTgqE66TlkcVueGGB9AozmQ
Tennis,tennis@sheffield.ac.uk,,https://www.facebook.com/UoSTennisClub,https://www.instagram.com/uos_tennis,
Taekwondo,taekwondo@sheffield.ac.uk,https://twitter.com/uosTKD,,https://www.instagram.com/uostkd,
Table Tennis,table.tennis@sheffield.ac.uk,https://twitter.com/uos_tabletennis,https://www.facebook.com/University of Sheffield Table Tennis Club 2020-21,https://www.instagram.com/uos_tabletennis,https://youtube.com/user//channel/UCregzZ3dlHclFNfF-AW6sfg
Strength Sports,strengthsports@sheffield.ac.uk,,https://www.facebook.com/facebook.com/Strength Sports Members 2020/21,https://www.instagram.com/uosstrength,
Swimming & Waterpolo,suswpc@sheffield.ac.uk,,https://www.facebook.com/UoSSwimmingAndWaterPolo,https://www.instagram.com/uosswpc,https://youtube.com/user/https://www.youtube.com/watch?v=G9k2Dyd3JPs&t=6s
Sub-Aqua,info@susac.com,https://twitter.com/SheffieldUSAC,https://www.facebook.com/ShefUniSCUBA,https://www.instagram.com/sheffield_susac,
Stunt Cheerleading,cheerleading@sheffield.ac.uk,https://twitter.com/https://twitter.com/shefsabrecats?lang=en,https://www.facebook.com/https://www.facebook.com/SheffieldSabrecats,https://www.instagram.com/https://www.instagram.com/sheffieldsabrecats/?hl=en,https://youtube.com/user/https://www.youtube.com/channel/UCRfQNYSGM-qqF7I-Nz9e24Q
Snowboarding,snow.boarding@sheffield.ac.uk,,https://www.facebook.com/suscsheffield,https://www.instagram.com/suscsnow,
Squash,squash@sheffield.ac.uk,https://twitter.com/uos_squashclub,https://www.facebook.com/facebook.com/uossquashclub,https://www.instagram.com/uos_squashclub,
Ski,skiclub@sheffield.ac.uk,,https://www.facebook.com/sheffski.rhino,https://www.instagram.com/sheff_ski,
Sheffield Bears Ice Hockey,info@sheffieldbears.com,https://twitter.com/sheffieldbears,https://www.facebook.com/SheffieldBears,,
Sailing,sailing@sheffield.ac.uk,,https://www.facebook.com/UoSSailing ,https://www.instagram.com/uossailing,https://youtube.com/user/The University of Sheffield Sailing Club 
Pom Cheerleading,pomcheerleading@sheffield.ac.uk,https://twitter.com/Pomsabrecats,,https://www.instagram.com/Pomsabrecats,
Parkour,parkour@sheffield.ac.uk,https://twitter.com/SocietyParkour,https://www.facebook.com/UoSparkour,https://www.instagram.com/uosparkour,
Rugby League,rugby.league@sheffield.ac.uk,https://twitter.com/SURLFC,https://www.facebook.com/SURLFC,https://www.instagram.com/SURLFC,
Orienteering & Fell Running,shuoc@sheffield.ac.uk,https://twitter.com/ShefUniOclub,https://www.facebook.com/Sheffield University Orienteering and Fell Running ,https://www.instagram.com/shuocgooutrun,
Rowing,rowing@sheffield.ac.uk,https://twitter.com/ShefUniRowing,https://www.facebook.com/shefunirowingclub,https://www.instagram.com/shefunirowing,https://youtube.com/user/UCTwtUZOwrzE3R01Lq5t_djw
Pool & Snooker,poolandsnooker@sheffield.ac.uk,,https://www.facebook.com/SheffieldPoolAndSnooker,https://www.instagram.com/shefpoolsnooker,
Muay Thai,muay.thai@sheffield.ac.uk,,,https://www.instagram.com/uosmuaythai,
Netball,sheffnetball@gmail.com,https://twitter.com/SUNCofficial,https://www.facebook.com/facebook.com/suncofficial,https://www.instagram.com/suncofficial,
Mountaineering,usmc@sheffield.ac.uk,,https://www.facebook.com/facebook.com/UoSMountaineering,https://www.instagram.com/instagram.com/sheffieldmountaineering,
Mens Rugby Union,sheffieldurfc@gmail.com,https://twitter.com/SheffieldURFC,https://www.facebook.com/Sheffield University Mens Rugby Union ,https://www.instagram.com/sheffieldurfc,
Mens Hockey,suhc@sheffield.ac.uk,https://twitter.com/ShefUniHockey,https://www.facebook.com/shefunihockey,https://www.instagram.com/thesumhc,
Mens Football,sheffieldmensfootball@gmail.com,https://twitter.com/shefunifootball,https://www.facebook.com/https://www.facebook.com/Shefunifootball,https://www.instagram.com/shefunifootball,
Mens Cricket,cricket.mens@sheffield.ac.uk,https://twitter.com/SheffieldUCC,https://www.facebook.com/uniofsheffcc,https://www.instagram.com/sheffielducc,
Mens Basketball,basketball@sheffield.ac.uk,,https://www.facebook.com/UoSBasketball,https://www.instagram.com/uosbasketball,
Lifesaving,lifesaving@sheffield.ac.uk,https://twitter.com/UoSLSC,https://www.facebook.com/UoSLSC,https://www.instagram.com/sheffieldlifesaving,
Lacrosse,lacrosse@sheffield.ac.uk,https://twitter.com/sheffunilax,https://www.facebook.com/https://www.facebook.com/groups/2680186262225291,https://www.instagram.com/sheffunilax,
Korfball,korfball@sheffield.ac.uk,https://twitter.com/Shefunikorf,https://www.facebook.com/Sheffield University Korfball Club ,https://www.instagram.com/Shefunikorf,
Judo,judo@sheffield.ac.uk,https://twitter.com/ShefUniJudo,https://www.facebook.com/SheffieldUni.Judo,https://www.instagram.com/uos_judoclub,
Gymnastics,gymnastics@sheffield.ac.uk,https://twitter.com/UosGymnastics,https://www.facebook.com/https://www.facebook.com/UoSGS,https://www.instagram.com/uosgymnastics,
Jiu Jitsu,jitsu.union@sheffield.ac.uk,https://twitter.com/ShefUniJiuJitsu,https://www.facebook.com/ShefUniJiuJitsu,https://www.instagram.com/sheffieldunijiujitsu,https://youtube.com/user/UCP4RpFpMwFm1VF9zvNTi_Qw/featured
Golf,golf@sheffield.ac.uk,https://twitter.com/GolfSheffield,https://www.facebook.com/University of Sheffield Golf Club,https://www.instagram.com/golf_sheffield,
Futsal,uosfutsalclub@gmail.com,https://twitter.com/UoShefFutsal,,https://www.instagram.com/sheffunifutsal,
Fencing,Fencing@sheffield.ac.uk,,,https://www.instagram.com/Shefunifencing,
Equestrian,Shefequestrian@gmail.com,,https://www.facebook.com/shefequestrian,https://www.instagram.com/Sheffuniequestrian,
Dodgeball,dodgeball@sheffield.ac.uk,https://twitter.com/ShefUniDodge,https://www.facebook.com/Shefunidodge,https://www.instagram.com/Shefunidodgeball,https://youtube.com/user/https://www.youtube.com/channel/UCjEj2hrUCNBWVnLjUdl8Rrw
Caving,inclusions@shefcavers.org.uk,https://twitter.com/shefunicavers,https://www.facebook.com//groups/shefcavers,,https://youtube.com/user/SUSS - Sheff Uni Caving
Cycling,cycling@sheffield.ac.uk,https://twitter.com/UoSCycling,https://www.facebook.com/University of Sheffield Cycling Club,https://www.instagram.com/uoscycling,https://youtube.com/user/UOSCC - University Of Sheffield Cycling Club
Canoe,canoe@sheffield.ac.uk,https://twitter.com/shefunicanoe,https://www.facebook.com/shefunicanoe,https://www.instagram.com/sheff_uni_canoe_club,
Badminton,badminton@sheffield.ac.uk,,https://www.facebook.com/Badminton at Sheffield University,https://www.instagram.com/badmintonsheff,
Athletics & Cross Country,athletics@sheffield.ac.uk,,https://www.facebook.com/shefuniac,https://www.instagram.com/shefuniac,
Baseball,baseball@sheffield.ac.uk,,https://www.facebook.com/University of Sheffield Hornets Baseball Club,https://www.instagram.com/uoshornets,
Boxing,boxing@sheffield.ac.uk,,https://www.facebook.com/facebook.com/Sheffunibox,https://www.instagram.com/instagram.com/universityofsheffieldboxing,
Archery,archery@sheffield.ac.uk,,https://www.facebook.com/https://www.facebook.com/groups/2212833051/,https://www.instagram.com/https://www.instagram.com/sheffieldunisarcheryclub/?fbclid=IwAR3scY3Dz4IluNbRwRX7nwKbmeg7_baXdarDiHo2VOt09gMrh7DjiCP0C-Y,
American Football,usfootball@sheffield.ac.uk,https://twitter.com/sheffieldsabres,https://www.facebook.com/TheSheffieldSabres,https://www.instagram.com/sheffieldsabres,
Zumba Society,zumba@sheffield.ac.uk,,https://www.facebook.com/groups/sheffieldunizumbasoc/,https://www.instagram.com/uos_zumba,
Youth Stop Aids Society,youthstopaids@sheffield.ac.uk,,https://www.facebook.com/SheffieldYouthStopAIDS/,https://www.instagram.com/ysasheffield,
Young Greens Society,younggreens@sheffield.ac.uk,,https://www.facebook.com/facebook.com/pages/category/Political-Organization/University-of-Sheffield-Young-Greens-576278419140482/,,
Yoga and Pilates Society,yogaandpilates@sheffield.ac.uk,https://twitter.com/shefyogasoc,https://www.facebook.com/shefyogasoc,https://www.instagram.com/sheffielduniyogapilates,
Women in Law Society,womeninlawsociety@sheffield.ac.uk,,https://www.facebook.com/womeninlawsheff,https://www.instagram.com/womeninlawsheff,
Women in Computer Science Society,womenincs@sheffield.ac.uk,https://twitter.com/sheffieldwics,https://www.facebook.com/sheffieldwics/,https://www.instagram.com/sheffieldwics,
Women's Equality Party Society,wepsoc@sheffield.ac.uk,,https://www.facebook.com/UoS-WEP-Soc-104588624354593,https://www.instagram.com/uoswep,
Women in Engineering Society,info@womeninengineering.org.uk,https://twitter.com/engwomen,https://www.facebook.com/WomenInEngineeringSociety/,https://www.instagram.com/engwomen,
Women in Business Society,womeninbusiness@sheffield.ac.uk,,https://www.facebook.com/womeninbusinesssheffield/,https://www.instagram.com/womeninbusinesssheffield,
Wind Orchestra Society,suwosoc@sheffield.ac.uk,https://twitter.com/SUWO_Sheffield,https://www.facebook.com/SUWO1,https://www.instagram.com/suwoshef,
Wilderness Medicine Society,swms@sheffield.ac.uk,,https://www.facebook.com/groups/SheffieldWildernessMedicine/,https://www.instagram.com/sheffwildernessmed,
West Indian Society,westindiansoc@sheffield.ac.uk,,https://www.facebook.com/WestIndianSociety120106451997221/,https://www.instagram.com/uoswestindiansoc,
Welsh Society,Welsh.Soc@sheffield.ac.uk,,,,
Wellbeing Cafe Society,wellbeingcafe@sheffield.ac.uk,,https://www.facebook.com/wbcafesheffieldsu,https://www.instagram.com/wellbeingcafesheff,
Wargames Society,wargamessoc@shef.ac.uk,,https://www.facebook.com/groups/Sheffielduniversitywargames/,https://www.instagram.com/https://www.instagram.com/uos_wargames_society/,
UsART Society,TBA,,,,
We are Donors Sheffield Society,wadsoc@sheffield.ac.uk,,https://www.facebook.com/WeAreDonorsSheffield,,
Vietnamese Society,vietsocsheffield.uk@gmail.com,,,https://www.instagram.com/vietsocsheffield,
Vegetarian and Vegan Society,veg.soc@sheffield.ac.uk,,https://www.facebook.com/groups/93858286432,https://www.instagram.com/sheffvegsoc,
University of Sheffield Light Entertainment Societ,Usles@sheffield.ac.uk,https://twitter.com/USLES_,https://www.facebook.com/uslesofficial,https://www.instagram.com/usles_,https://youtube.com/user/https://www.youtube.com/channel/UCDCNTK8tvFH18-zEIx9i4lA
Tea Society,teasoc@sheffield.ac.uk,https://twitter.com/sheffuniteasoc?lang=en,https://www.facebook.com/groups/SheffieldTeaSoc/,https://www.instagram.com/theuniversityofsheffield/?hl=en,
Thai Society,Thaisoc@sheffield.ac.uk,,https://www.facebook.com/SheffieldThaiSociety,https://www.instagram.com/sheffieldthaisociety,
Tamil Society,tamilsociety@sheffield.ac.uk,,https://www.facebook.com/sheffieldtamilsoc/,https://www.instagram.com/shefftamilsoc,
Taiwan Society,twsoc@sheffield.ac.uk,,https://www.facebook.com/groups/1500171410295067/,,
Table Football Society,TBC,,,,
Teddy Bear Hospital,teddybearhospital@sheffield.ac.uk,,https://www.facebook.com/TeddyBearHospitalSheffield,,
Turkish Society,turkish.society@sheffield.ac.uk,,https://www.facebook.com/uosturkishsociety,https://www.instagram.com/uosturkishsociety,https://youtube.com/user/UCWSHsFIKLPJv8zLthmJCqbw/
Swing Dance Society,swing.soc@sheffield.ac.uk,,https://www.facebook.com/shefuniswing,https://www.instagram.com/shefuniswing,https://youtube.com/user/https://www.youtube.com/channel/UC9rZAPCetHPXBtBLzhWNxPw
Symphony Orchestra Society,suso@sheffield.ac.uk,https://twitter.com/SheffUniOrch,https://www.facebook.com/SheffieldUniversitySymphonyOrchestra,https://www.instagram.com/uos_symphonyorchestra,
Sudanese Society,sudanesesoc@sheffield.ac.uk,,,https://www.instagram.com/sudanesesoc,
Stop the Traffik Society,stopthetraffik@sheffield.ac.uk,,https://www.facebook.com/pages/SheffieldUniStoptheTraffikSociety/285666204785042,,
Students for Global Health (Sheffield Branch),sheffield@studentsforglobalhealth.org,,https://www.facebook.com/SheffieldStudentsForGlobalHealth/,https://www.instagram.com/sheffield_sfgh,
Student Surgical Society,surgsoc@sheffield.ac.uk,,https://www.facebook.com/SheffSurgSoc,,
Student Action for Refugees Society,refugees@sheffield.ac.uk,,https://www.facebook.com/studentactionforrefugees.sheffield,https://www.instagram.com/star_sheff,
Student Action for our NHS Society,sanhs@sheffield.ac.uk,https://twitter.com/safonhs,https://www.facebook.com/StudentActionForOurNHS/,https://www.instagram.com/safonhs,
Stitch Society,stitchsoc@sheffield.ac.uk,,https://www.facebook.com/University of Sheffield Stitch Society ,https://www.instagram.com/stitchsocsheffield,
Stationery Appreciation Society,stationerysoc@sheffield.ac.uk,,,https://www.instagram.com/sheffieldstationerysoc,
Sri Lankan Society,srilankansoc@sheffield.ac.uk,,https://www.facebook.com/sheffieldslsoc/,https://www.instagram.com/sheffieldslsoc,
Sports Medicine Society,sportsmedicinesoc@sheffield.ac.uk,https://twitter.com/sheffsem,https://www.facebook.com/SheffieldSEMSociety,https://www.instagram.com/sheffsem,
Somali Society,somalisociety@sheffield.ac.uk,https://twitter.com/SheffieldSomsoc,https://www.facebook.com/SheffieldSomSoc/,https://www.instagram.com/sheffieldsomsoc,
Spikeball Society,shefspikeball@sheffield.ac.uk,,https://www.facebook.com/Sheffield.Roundnet,https://www.instagram.com/sheffield_roundnet,
Sociology Society,sociologysoc@sheffield.ac.uk,https://twitter.com/sheffieldsocsoc,https://www.facebook.com/shefsociologysociety,https://www.instagram.com/sheffieldsocsoc,
Socialist Students Society,socialist-students@sheffield.ac.uk,,,,
Slavonic Languages Society,slavsoc@sheffield.ac.uk,https://twitter.com/slavsocuos,https://www.facebook.com/facebook.com/SlavSocSheff,https://www.instagram.com/slavsocsheff,
Skateboarding Society,skatesoc@sheffield.ac.uk,,https://www.facebook.com/SheffUniSkate,https://www.instagram.com/sheffielduniskatesoc,https://youtube.com/user/UCKXdeuuqpiqUd5Cdn0cEtAw
Singers' Society,singsoc@sheffield.ac.uk,https://twitter.com/SheffSingSoc,https://www.facebook.com/groups/2211352692/,https://www.instagram.com/sheffsingsoc/?hl=en,https://youtube.com/user/SheffSingSoc
Sikh Society,sikh@sheffield.ac.uk,,https://www.facebook.com/sikhsoc.sheffield,https://www.instagram.com/sheffieldsikhsociety,
Simurq Aeronautics Society,simurq.aeronautics@sheffield.ac.uk,https://twitter.com/SimurqAero,https://www.facebook.com/simurqaero,,
Singapore Society,singaporesociety@sheffield.ac.uk,,https://www.facebook.com/groups/124851527559719/,https://www.instagram.com/sheffieldsingaporesociety,
Sign Language Society,sign.language@sheffield.ac.uk,https://twitter.com/sheffsls,https://www.facebook.com/groups/sheffsls/about,https://www.instagram.com/sheffsls,https://youtube.com/user/UC2e_m4Vrwu-6YgQXcQO4vHw
Sheffield University Big Band Society,subb@sheffield.ac.uk,https://twitter.com/subb_sheffield,https://www.facebook.com/SUBB.Sheffield,https://www.instagram.com/subbsheffield,
ShefWHO Society,SheffWHO@sheffield.ac.uk,https://twitter.com/SheffWHO2018,https://www.facebook.com/SheffWHO,https://www.instagram.com/SheffWHO,
Sheffield Model United Nations Society,una@sheffield.ac.uk,https://twitter.com/SheffieldMUN,https://www.facebook.com/UNA.UOS/,,
Sheffield Methods Institute Society,methodsinstitute@sheffield.ac.uk,,https://www.facebook.com/smisociety,https://www.instagram.com/smisoc_uo,
Save Our Sandwiches,saveoursandwiches@sheffield.ac.uk,https://twitter.com/SaveOurSandwich,https://www.facebook.com/saveoursandwiches,https://www.instagram.com/saveoursandwiches,
Saudi Students Society,saudi@sheffield.ac.uk,,,,
Sheffield Marrow,marrow@sheffield.ac.uk,https://twitter.com/sheffieldmarrow,https://www.facebook.com/SheffieldMarrow,https://www.instagram.com/sheffieldmarrow,
Sheffield Malaysian Students' Association Society,smsa@sheffield.ac.uk,,https://www.facebook.com/smsaofficial,https://www.instagram.com/smsasheffield,
Sexpression Society,sexpressioncoordinator@sheffield.ac.uk,https://twitter.com/sexpressionshef,https://www.facebook.com/SheffieldSexpression/,https://www.instagram.com/sexpressionshef,
Science Brainwaves Society,sciencebrainwaves@sheffield.ac.uk,,,,
Scouts and Guides Society,stings@sheffield.ac.uk,,https://www.facebook.com/groups/sheffieldstings/,https://www.instagram.com/sheffield.stings/,
Samba Society,samba@sheffield.ac.uk,https://twitter.com/shefunisamba,https://www.facebook.com/SheffieldUniversitySambaBand,https://www.instagram.com/shefunisamba,
Radiology Society,medsocradiology@sheffield.ac.uk,,https://www.facebook.com/medsocradiology/,,
Real Ale and Cider Society,realale@sheffield.ac.uk,,https://www.facebook.com/RealAleSociety,,
Romanian Society,rosoc@sheffield.ac.uk,,https://www.facebook.com/RoSocSheffield,https://www.instagram.com/rosoc_sheffielduni,
Rock Society,rocksoc@sheffield.ac.uk,,https://www.facebook.com/groups/sheffieldrocksoc/,https://www.instagram.com/instagram.com/uniofsheffrocksoc/,
Roboteer's Society,roboteers@sheffield.ac.uk,https://twitter.com/shefroboteers,https://www.facebook.com/groups/sheffieldRoboteers,,https://youtube.com/user/UCWPqZRN_ZAXwTZwKopF2d8Q
Reggae Society,reggaesoc@sheffield.ac.uk,,https://www.facebook.com/facebook.com/reggaesoc,https://www.instagram.com/instagram.com/reggaesoc,https://youtube.com/user/youtube.com/channel/UC_x7mpfBOFe_Fnj0e7SHVrQ
Radical Youth Sheffield Campus Fellowship Society,radicalyouthsheffield@gmail.com,https://twitter.com/rysheff,https://www.facebook.com/groups/108768549059/,https://www.instagram.com/rysheff,
Quiz Society,quizsoc@sheffield.ac.uk,,https://www.facebook.com/sheffieldquizsociety/,,
Quidditch Society,quidditchsociety@sheffield.ac.uk,,https://www.facebook.com/sheffieldquidditchclub/,https://www.instagram.com/sheffieldquidditchclub,
Qatar Society,Qatarsoc@sheffield.ac.uk,https://twitter.com/Sheff.Qtr.Soc,https://www.facebook.com/SheffQtrSoc,https://www.instagram.com/sheff.qtr.soc,
Psychology Society,psychos@sheffield.ac.uk,,https://www.facebook.com/facebook.com/SheffielduniPSYCHOS,https://www.instagram.com/uospsysoc,
Portuguese and Lusophone Society,lusosoc@sheffield.ac.uk,,https://www.facebook.com/lusosoc19,https://www.instagram.com/lusosoc,
Psychology Postgraduate Society,pgpsychology@sheffield.ac.uk,,https://www.facebook.com/uospsychologypg,,
Psychiatry Society,psychiatrysoc@sheffield.ac.uk,https://twitter.com/SheffPsychS,https://www.facebook.com/SheffieldPsychSoc,https://www.instagram.com/SheffieldPsychSoc,
Public Health Society,publichealthsociety@sheffield.ac.uk,https://twitter.com/phssheffield,https://www.facebook.com/SheffieldPHS,https://www.instagram.com/publichealthsoc,
Postgraduate Students (ProgRess),pg-soc@sheffield.ac.uk,,,,
Politics Society,politics.society@sheffield.ac.uk,https://twitter.com/PolSocSheffield,https://www.facebook.com/PolSocSheffield,https://www.instagram.com/PolSocSheffield,
Polish Society,polish.society@sheffield.ac.uk,,https://www.facebook.com/TheUniversityOfSheffieldPolishSociety/,,
Pokemon Society,pokemon-soc@sheffield.ac.uk,https://twitter.com/pokesocsu,https://www.facebook.com/pokesocsu,,
Pole Fitness Society,pole.fitness@sheffield.ac.uk,,https://www.facebook.com/UniversityOfSheffieldPoleFitnessSociety,https://www.instagram.com/uospolefitness,
Poetry Society,poetrysoc@sheffield.ac.uk,,https://www.facebook.com/shefpoetry/,https://www.instagram.com/uospoetry,
Platform Society,,,https://www.facebook.com/https://www.facebook.com/platformperformancesociety,https://www.instagram.com/https://www.instagram.com/platformsheff/,
Physics Society,physoc@sheffield.ac.uk,https://twitter.com/sheffieldphysoc,https://www.facebook.com/groups/SheffieldPhysoc,https://www.instagram.com/sheffieldphysoc,
Planning Society,planningsoc@sheffield.ac.uk,,https://www.facebook.com/PlanningSoc/,https://www.instagram.com/planningsocsheff,
Philosophy Society,philsoc@sheffield.ac.uk,https://twitter.com/PhilSocSheff,https://www.facebook.com/SheffPhilSoc,https://www.instagram.com/noam.chimpsky,
Photographic Society,photo-soc@sheffield.ac.uk,,https://www.facebook.com/groups/sheffieldphotosoc/,https://www.instagram.com/shefuniphotosoc,
PH7 Society,pH7@sheffield.ac.uk,,https://www.facebook.com/https://www.facebook.com/ph7scienceUoS,,https://youtube.com/user/https://www.youtube.com/channel/UCJ2M1gpYwyRFo-xiLP33y2w
PGDE Society,pgde@sheffield.ac.uk,,,,
Pet Society,petsoc@sheffield.ac.uk,,https://www.facebook.com/facebook.com/sheffpetsoc,https://www.instagram.com/instagram.com/sheffpetsoc,
Persian Society,persian@sheffield.ac.uk,,https://www.facebook.com/UoSPersianSoc,https://www.instagram.com/persiansoc,
Performing Arts Society,supas@sheffield.ac.uk,https://twitter.com/supasshef,https://www.facebook.com/supassheffield,https://www.instagram.com/supasshef,https://youtube.com/user/SUPASshef
Peer Teaching Society,peerteaching@sheffield.ac.uk,,https://www.facebook.com/peerteaching/,,
Palestine Society,palestine@sheffield.ac.uk,https://twitter.com/UoSPalSoc,https://www.facebook.com/Sheffiledpalsoc,https://www.instagram.com/uospalsoc,
People and Planet Society,pandp@sheffield.ac.uk,https://twitter.com/PandPSheffield,https://www.facebook.com/PandPSheffield,,
Pakistani Society,pak@sheffield.ac.uk,,https://www.facebook.com/PakSocSheff,https://www.instagram.com/paksocsheff,
Orthoplastic Society,orthoplasticsoc@sheffield.ac.uk,,,,
Oncology Society,oncologysoc@sheffield.ac.uk,https://twitter.com/SheffieldOnc,https://www.facebook.com/sheffoncsoc/,https://www.instagram.com/Sheffoncsoc,
Omani Society,omani@sheffield.ac.uk,https://twitter.com/Sheff_omanisoc,,https://www.instagram.com/Sheffield_Omani_Society,
Paediatrics Society,paediatric.society@sheffield.ac.uk,,,,
Orthoptics Society,orthsoc@sheffield.ac.uk,,https://www.facebook.com/groups/1210205322658083,https://www.instagram.com/orthoptics_society_sheffield,
Ophthalmology Society,sheffieldeyesoc@gmail.com,,https://www.facebook.com/sheffieldopthalmologysociety/,,
Open Mic Society,openspace@sheffield.ac.uk,https://twitter.com/OpenSpaceSU,https://www.facebook.com/openspacesu/,,
Obstetrics and Gynaecology Society,obstetricmedsoc@sheffield.ac.uk,https://twitter.com/https://twitter.com/SheffieldObG,https://www.facebook.com/www.facebook.com/sheffieldObGsoc/,https://www.instagram.com/https://www.instagram.com/sheffieldobgsociety/,
Nursing and Health Society,nhsoc@sheffield.ac.uk,,https://www.facebook.com/NHSocSheffield,https://www.instagram.com/sheffieldnursingandhealth,
North Wing Society,northwing@sheffield.ac.uk,https://twitter.com/Northwingmag,https://www.facebook.com/northwingmagazine,https://www.instagram.com/north_wing_magazine,
Nutritank Society,nutritank@sheffield.ac.uk,,https://www.facebook.com/sheffieldnutritionsociety/,https://www.instagram.com/sheffieldnutritanksociety,
North American Society,northamericansoc@sheffield.ac.uk,,https://www.facebook.com/North-American-Society-UoS-105146674667043,https://www.instagram.com/north.american.soc_uos,https://youtube.com/user/channel/UC_bFgmd8wC15nD_4uwIqv4A
Neuroscience Society,Shefneurosoc@gmail.com,,https://www.facebook.com/ShefNeuroSoc/,,
Nigerian Society,nigeriansociety@sheffield.ac.uk,https://twitter.com/sheffield_nisoc,https://www.facebook.com/uosnigeriansociety1,https://www.instagram.com/nigeriansociety_uos,
Not Only Dungeons and Dragons Society,noddsoc@sheffield.ac.uk,,https://www.facebook.com/NoDDSoc,,
Nepalese Society,nepalsociety@sheffield.ac.uk,,https://www.facebook.com/UoSNepSoc,https://www.instagram.com/sheffield_nepsoc,
Nederlandse Vereniging Society,nederlands@sheffield.ac.uk,,https://www.facebook.com/nederlandseverenigingsheffield/,https://www.instagram.com/nvsheffield,
Neo-Pagan Society,neopagan@sheffield.ac.uk,,https://www.facebook.com/SUNeoPagSoc,,
Nature and Wildlife Society,wildsoc@sheffield.ac.uk,,https://www.facebook.com/wildlifesociety/,https://www.instagram.com/wildsocuos,
Music Department Society,musicdepsoc@sheffield.ac.uk,,https://www.facebook.com/groups/uosmusicsociety,https://www.instagram.com/uosmusicsociety,
National Hindu Student Forum Sheffield Society,hindu.students@sheffield.ac.uk,https://twitter.com/NHSFSheffield,https://www.facebook.com/nhsfsheffield,https://www.instagram.com/nhsfsheffield,
Music Culture Society,musicculturesoc@sheffield.ac.uk,,https://www.facebook.com/MCSsheffielduni,https://www.instagram.com/mcs_uos,
Music Players' Society,music.soc@sheffield.ac.uk,,https://www.facebook.com/musicplayerssoc/,https://www.instagram.com/musicplayerssoc/,
Morris Society,morris@sheffield.ac.uk,https://twitter.com/shefunimorris,https://www.facebook.com/shefunimorris,https://www.instagram.com/shefunimorris,
Molecular Biology and Biotechnology Society,mbbsoc@sheffield.ac.uk,,https://www.facebook.com/MBBSociety,https://www.instagram.com/mbbsoc,
Mental Health Matters Society,mentalhealthmatters@sheffield.ac.uk,https://twitter.com/ShefUniMHM,https://www.facebook.com/ShefUniMHM,https://www.instagram.com/sheffieldmhm,
Meditation Society,meditationsoc@sheffield.ac.uk,,https://www.facebook.com/groups/432584074234409/,https://www.instagram.com/sheffmeditation,
Medics' Running Club,medicsrunning@sheffield.ac.uk,,https://www.facebook.com/sheffieldmedicsrunningclub/,https://www.instagram.com/sheffieldmedicsrunningclub/,
Medieval Re-enactment Society,medieval@sheffield.ac.uk,https://twitter.com/UoSMedieval,https://www.facebook.com/uosmedievalsociety/,https://www.instagram.com/uosmedieval,
MedTech Society,medtechsoc@sheffield.ac.uk,https://twitter.com/hackmeduk,https://www.facebook.com/medtechsheffield,https://www.instagram.com/medtechsheffield,
Medics' Women's Football Club,medicswomensfootball@sheffield.ac.uk,https://twitter.com/shefmedwfc,https://www.facebook.com//groups/553134048088566/,https://www.instagram.com/sheffieldmedicswomensfc,
Medics' Squash Club,medicssquash@gmail.com,,https://www.facebook.com/groups/sheffieldmedicssquash/,,
Medics' Revue Society,Medicsrevue@gmail.com,https://twitter.com/ShefMedicsRevue,https://www.facebook.com/SheffieldMedicsRevue,,
Medics' Rugby Club,medicsrugby@sheffield.ac.uk,https://twitter.com/SMRUFC,https://www.facebook.com/pages/SheffieldMedicsRUFC/272986699392451,https://www.instagram.com/smrufc,
Medics' Netball Club,medics-netball@sheffield.ac.uk,,https://www.facebook.com/Facebook.com/sheffieldmedicsnetball,https://www.instagram.com/shef.med.netball,
Medics' LGBT+ and Allies Society,activities@sheffield.ac.uk,,,,
Medics' Cricket Club,sheffieldmedicscricket@gmail.co.uk,,https://www.facebook.com/Sheffield Medical School Cricket Club ,https://www.instagram.com/sheffieldmedicscc,
Medics' Orchestra Society,medicsorchestra@sheffield.ac.uk,,https://www.facebook.com/MedicsOrchestra,https://www.instagram.com/medicsorchestra,
Medics' Men's Football Club,medicsfootball@sheffield.ac.uk,,,,
Medics' Hockey Club,medicshockey@sheffield.ac.uk,,https://www.facebook.com/groups/332419698034209,https://www.instagram.com/sheffield_medics_hockey,
Medics' Choir Society,medicschoir@sheffield.ac.uk,,https://www.facebook.com/https://www.facebook.com/sheffmedchoir/,https://www.instagram.com/sumedchoir,
Medics' Basketball Club,medicsbasketball@sheffield.ac.uk,,https://www.facebook.com/sheffieldmedicsbasketball,https://www.instagram.com/sheffield_medics_basketball,
Medics' Badminton Society,medicsbadminton@sheffield.ac.uk,,https://www.facebook.com/groups/264935853538508/,https://www.instagram.com/medbadsheff,
Medical Society,medsoc@sheffield.ac.uk,https://twitter.com/SheffieldMedSoc,https://www.facebook.com/SheffieldMedSoc/,https://www.instagram.com/SheffieldMedSoc,
MBB Postgraduate,mbbphdsoc@sheffield.ac.uk,,https://www.facebook.com/MbbPhDSociety,,
MedAid Society,medaid@sheffield.ac.uk,,https://www.facebook.com/https://www.facebook.com/MedAIDsheffield/,,
MBA Society,TBC,,,,
Mechanical Engineering Society,mechsoc@sheffield.ac.uk,,https://www.facebook.com/mechsoc/,,
MDH PGR Students' Society,mdhpgrforum@sheffield.ac.uk,https://twitter.com/MDH_PGR_Society,https://www.facebook.com/MDHPGRStudentSociety,,
Medical Ethics and Humanitarian Society,methics@sheffield.ac.uk,https://twitter.com/shefmethics,https://www.facebook.com/ShefMethics/,,
Maths Society,maths.soc@sheffield.ac.uk,https://twitter.com/SheffSUMS,https://www.facebook.com/SheffSUMS,https://www.instagram.com/sums_sheffield,
Marxist Society,marxistsociety@sheffield.ac.uk,https://twitter.com/SheffMarxSoc,https://www.facebook.com/sheffmarxsoc,https://www.instagram.com/sheffmarxsoc,
Malaysian and Singaporean Society,massoc@sheffield.ac.uk,https://twitter.com/Massoc_UoS,https://www.facebook.com/groups/uoshefmassoc/,https://www.instagram.com/massocsheffield,
Materials Science and Engineering Society,mat.soc@sheffield.ac.uk,https://twitter.com/MatSocTUOS,https://www.facebook.com/MatSocTUOS,https://www.instagram.com/matsoc.uos,
Macau Society,macausoc@sheffield.ac.uk,,https://www.facebook.com/UosMacSoc,https://www.instagram.com/uosmacausoc,
Malayalee Society,malayaleesoc@sheffield.ac.uk,,https://www.facebook.com/Sheffmallusoc,https://www.instagram.com/sheffieldmalayaleesoc,
Management Society,mgtsoc@sheffield.ac.uk,,https://www.facebook.com/shefunimansoc/,https://www.instagram.com/mansocsheffield,
Luxembourg Society,shef.luxsoc@gmail.com,,https://www.facebook.com/lux.sheff/,,
Liberty Belle Magazine Society,libertybelle@sheffield.ac.uk,https://twitter.com/LibertyBelleMag,https://www.facebook.com/LibertyBelleMag,https://www.instagram.com/libertybellemag,
Liberal Democrats Society,libdems@sheffield.ac.uk,https://twitter.com/uosliberals,https://www.facebook.com/uosliberals,https://www.instagram.com/uosliberals,
Le Cercle Fran√ßais Society,cercle.francais@sheffield.ac.uk,,https://www.facebook.com/lecerclefrancaissheffield/,https://www.instagram.com/su_cerclefrancais,
Lishi Tai Chi Society,taichi@sheffield.ac.uk,https://twitter.com/uoslishi,https://www.facebook.com/UoSLishiTaiChi,,"https://youtube.com/user/Sheffield Tai Chi, Yoga Meditation & Self-Defence"
Lawyers without Borders Society,lawyerswithoutborders@sheffield.ac.uk,,,,
Law4NonLaw Society,law4nonlaw@sheffield.ac.uk,,https://www.facebook.com/groups/299171083431486,https://www.instagram.com/law4nonlaw,
Legal Hackers Society,activities@sheffield.ac.uk,,https://www.facebook.com/UoSLegalHackers,,
Mahjong Society,mahjong@sheffield.ac.uk,,https://www.facebook.com/mahjong.sheffield,,
K-Pop Dance Society,kpopsoc@sheffield.ac.uk,https://twitter.com/KPDSociety,https://www.facebook.com/UoSKPDSoc,https://www.instagram.com/kpdsociety,https://youtube.com/user/channel/UC24TSHFIZFLfJviDmN6Vd8g
Latin and Ballroom Dancing Society,dancing.soc@sheffield.ac.uk,,https://www.facebook.com/SheffieldLatinAndBallroomSociety,https://www.instagram.com/sheflabs,
Latin American Society,latamsoc@sheffield.ac.uk,https://twitter.com/LatAmSocSheff,https://www.facebook.com//latamsocsheffield,https://www.instagram.com/latamsocsheffield,
Journalism Society,journosoc@sheffield.ac.uk,https://twitter.com/SheffJournoSoc,https://www.facebook.com/UoSJournoSoc,https://www.instagram.com/journosoc_uos,
Landmark Society,landmark@sheffield.ac.uk,,https://www.facebook.com/LandmarkLandscapeArchitectureStudentsUniversityofSheffield/248421485202555,https://www.instagram.com/__landmark__,
Labour Students Society,labour@sheffield.ac.uk,https://twitter.com/ShefLabStudents,https://www.facebook.com/SheffieldLabourStudents,https://www.instagram.com/sheflabstudents,
Korea Society,koreasoc@sheffield.ac.uk,https://twitter.com/uosksoc,https://www.facebook.com/uosksoc,https://www.instagram.com/uosksoc,https://youtube.com/user/792Cwx-huN4
Just Love Society,Justlove@sheffield.ac.uk,,https://www.facebook.com/justlovesheffield,https://www.instagram.com/justlovesheffield,
Jewish Society,Jewish.society@sheffield.ac.uk,,https://www.facebook.com/groups/2215169369/,https://www.instagram.com/sheffjsoc,
Japan Society,japansoc@sheffield.ac.uk,,https://www.facebook.com/groups/4774404035,,
Investment Society,Usis@sheffield.ac.uk,,https://www.facebook.com/facebook.com/uosinvestment,https://www.instagram.com/usis.sheff,
Irish Dancing Society,irishdance@sheffield.ac.uk,https://twitter.com/sheffirishdance,https://www.facebook.com/UniversityofSheffieldIrishDanceSociety/183490035185180,https://www.instagram.com/sheffirishdance,
Italian Society,italiansoc@sheffield.ac.uk,,https://www.facebook.com/pages/UniversityofSheffieldItalianSociety/519290468109442,https://www.instagram.com/italiansocietysheffield,
Islamic Circle Society,islam.circle@sheffield.ac.uk,https://twitter.com/usicsheffield,https://www.facebook.com/University.of.Sheffield.Islamic.Circle,https://www.instagram.com/usicsheffield,https://youtube.com/user/islamcircle
Infectious Diseases and Tropical Medicine Society,sidsoc@sheffield.ac.uk,https://twitter.com/SIDsociety,https://www.facebook.com/SIDsocSheff,,
Indian Society,indian.soc@sheffield.ac.uk,https://twitter.com/uosindiansoc,https://www.facebook.com/uosindiansoc,https://www.instagram.com/uosindiansoc,
Indonesian Society,indosoc@sheffield.ac.uk,,https://www.facebook.com/indosoc,https://www.instagram.com/indosocsheffield,https://youtube.com/user/UCDlp6fL5yiEga2kZnbqgwtw/
IICD  Students' Society,iicdsoc@sheffield.ac.uk,,https://www.facebook.com/groups/485039335296657,,
Ice Skating Society,iceskating@sheffield.ac.uk,,https://www.facebook.com/IceSkateSoc,,
Human Communication Sciences Society,humancomm@sheffield.ac.uk,https://twitter.com/hcs_sheffield,https://www.facebook.com/facebook.com/UosHCSsoc/,https://www.instagram.com/hcssocietysheffield,
Hungarian Society,hungariansociety@sheffield.ac.uk,,https://www.facebook.com/hunsocsheffield,,
Hong Kong Public Affairs and Social Services Socie,hkpass@sheffield.ac.uk,,https://www.facebook.com/sheffieldhkpass,https://www.instagram.com/sheffieldhkpass,
Horror Society,horrorsoc@sheffield.ac.uk,https://twitter.com/HorrorSoc,https://www.facebook.com/horrorsoc/,https://www.instagram.com/horrorsoc,https://youtube.com/user/https://www.youtube.com/channel/UC23I8ajpUl3dF7zVzBAveZQ/
Hong Kong Society,hksoc@sheffield.ac.uk,,https://www.facebook.com/sheffieldhksoc/,https://www.instagram.com/sheffield_hksoc,
History Society,history-society@sheffield.ac.uk,https://twitter.com/shefhstsoc,https://www.facebook.com/hstsoc,https://www.instagram.com/shefhstsoc,
History Society Rugby Club,historyrugby@sheffield.ac.uk,,https://www.facebook.com/groups/UniversityOfSheffieldHistoryRugby/,,
Hispanic Society,hispanic@sheffield.ac.uk,https://twitter.com/hispanicsheff,https://www.facebook.com/hispanicsheff/,https://www.instagram.com/hispanicsheff,
Healthy Planet Society,healthyplanet@sheffield.ac.uk,https://twitter.com/healthyplanetsh,https://www.facebook.com/HealthyPlanetSheffield,https://www.instagram.com/healthyplanetsheffield,
Hellenic and Cypriot Society,hellenic.cypriot.soc@sheffield.ac.uk,,https://www.facebook.com/HnCSheffield/,,
HackSheffield,hacksheffield@sheffield.ac.uk,https://twitter.com/HackSheffield,https://www.facebook.com/HackSheffield,https://www.instagram.com/hacksheffield,
Guild of Change Ringers Society,SUGCR@sheffield.ac.uk,https://twitter.com/SUGCR_Sheffield,https://www.facebook.com/groups/2210561112/,,
Gluten Free Society,glutenfree@sheffield.ac.uk,,https://www.facebook.com/groups/400842003953017,,
Green and Bop Society,greenandbop@sheffield.ac.uk,,https://www.facebook.com/Greenandbop/,https://www.instagram.com/greenandbop,
Graphic Design and 3D Modelling Society,graphcad@shef.ac.uk,https://twitter.com/SheffGraphCAD,https://www.facebook.com/GraphCADinSheffield,https://www.instagram.com/graphcad,
Gospel Choir Society,gospelchoir@sheffield.ac.uk,https://twitter.com/uosgospelchoir,https://www.facebook.com/uosgospelchoir,https://www.instagram.com/uosgospelchoir,https://youtube.com/user/uosgospelchoir
Geography Society,geogsoc@sheffield.ac.uk,https://twitter.com/sheffgeogsoc,https://www.facebook.com/TheUniversityofSheffieldGeographySociety,https://www.instagram.com/sheffunigeogsoc,
Geriatrics and Palliative Care Society,gaps@sheffield.ac.uk,,https://www.facebook.com/SheffieldUniversityPaediatricsSociety,,
Ghana Society,ghanasociety@sheffield.ac.uk,,https://www.facebook.com/https://www.facebook.com/UoSGhanaSociety,,
General Practice Society,gpsoc@sheffield.ac.uk,https://twitter.com/GPsocSheffield,https://www.facebook.com/SheffieldGPsociety,https://www.instagram.com/gpsoc_sheffield,
GEM Society,gemsoc@sheffield.ac.uk,,https://www.facebook.com/GEMSocOfficial,https://www.instagram.com/official_gemsoc,
Friends of Medecins Sans Frontieres Society,friendsofmsf@sheffield.ac.uk,,https://www.facebook.com/facebook.com/groups/328501713868683,https://www.instagram.com/fomsf_sheff,
Game Development Society,,,https://www.facebook.com/shefgame.devs,,
Free Speech Society,activities@sheffield.ac.uk,https://twitter.com/Freespeechsheff,https://www.facebook.com/SheffUniFreeSpeech/,,
Friends of Irise Society,Foisoc@sheffield.ac.uk,,https://www.facebook.com/FriendsOfIriseSheffield,,
Flying Teapots Society,jcdoyle1@sheffield.ac.uk,,https://www.facebook.com/groups/109695039074680/,,
Flute Choir Society,flutechoir@sheffield.ac.uk,https://twitter.com/tuosflutechoir,https://www.facebook.com/tuosflutechoir,https://www.instagram.com/tuosflutechoir,
First Aid Society,shef.links@sheffield.ac.uk,https://twitter.com/shefffasoc,https://www.facebook.com/SheffieldFirstAidSociety,https://www.instagram.com/sheff.fa.soc,
Film Making Society,fms@sheffield.ac.uk,https://twitter.com/ShefFilmSoc,https://www.facebook.com/SheffieldFilmSoc,https://www.instagram.com/SheffieldFilmSoc,https://youtube.com/user/SheffieldFilmSoc
Filipino Society,filipino.society@sheffield.ac.uk,https://twitter.com/UoSFilipinoSoc,https://www.facebook.com/groups/uosfilsoc/,https://www.instagram.com/uosfilsoc,
Extinction Rebellion Society,extinctionrebellion@sheffield.ac.uk,,https://www.facebook.com/XRSheffieldUni,https://www.instagram.com/xrsheffuni,
European Law Students' Association Society,elsa@sheffield.ac.uk,,https://www.facebook.com/ELSASheffield,,
Feminist Society,feministsoc@sheffield.ac.uk,,https://www.facebook.com/ShefUniFemSoc/,https://www.instagram.com/sheffunifemsoc,
Ethical Student Hackers Society,ethicalhackers@sheffield.ac.uk,https://twitter.com/_shefesh,https://www.facebook.com/shefesh,,
Environmental Science Society,envirosoc@sheffield.ac.uk,,https://www.facebook.com/uosenvirosoc,https://www.instagram.com/uosenvirosoc,
English Society,english.society@sheffield.ac.uk,,https://www.facebook.com/SUEngSoc,https://www.instagram.com/sheffield_engsoc,
Engineers Without Borders Society,ewb@sheffield.ac.uk,https://twitter.com/ewbsheffield,https://www.facebook.com/ewbsheffield/,,
Electronic and Electrical Engineering Society,eeesoc@sheffield.ac.uk,https://twitter.com/uoseeesoc,https://www.facebook.com/UOSEEESOC,https://www.instagram.com/uoseeesoc,
Effective Altruism Sheffield Society,eas@sheffield.ac.uk,https://twitter.com//EASheffield,https://www.facebook.com//EffectiveAltruismSheffield,,
Egyptian Society,egyptiansoc@sheffield.ac.uk,,https://www.facebook.com/EgySocSheff,https://www.instagram.com/egysocsheff,
Education Society,educationsociety@sheffield.ac.uk,,https://www.facebook.com/ed.soc.7,https://www.instagram.com/edsocsheffield,
Edward Bramley Law Society,lawsociety@sheffield.ac.uk,https://twitter.com/edbram_law,https://www.facebook.com/groups/edbram,https://www.instagram.com/edbramlawsoc,https://youtube.com/user/edwardbramley
Economics Society,econsoc@sheffield.ac.uk,https://twitter.com/SheffUniEconSoc,https://www.facebook.com/sheffieldeconsoc,https://www.instagram.com/sheffieldeconsoc,
East African Society,activities@sheffield.ac.uk,,,https://www.instagram.com/easocsheff,
East Asian Studies Society,eassoc@sheffield.ac.uk,https://twitter.com/eassoc,https://www.facebook.com/eassoc,https://www.instagram.com/eassoc.uos,
Dermatology Society,dermsoc.sheffield@gmail.com,https://twitter.com/sheffunidermsoc,https://www.facebook.com/DermsocSheffield,,
Drag Society,dragsoc@sheffield.ac.uk,,https://www.facebook.com/uosdragsoc,https://www.instagram.com/uosdragsoc,
Digital Demonstration Society,digitalsocieties@sheffield.ac.uk,https://twitter.com/SheffieldSU,https://www.facebook.com/sheffieldstudentsunion,https://www.instagram.com/sheffieldsu,https://youtube.com/user/sheffieldunion
DJ Society,djsoc@sheffield.ac.uk,,https://www.facebook.com/sheffdjsoc/,https://www.instagram.com/uos_djsociety,
Deutscher Verein Society,deutsch@sheffield.ac.uk,,https://www.facebook.com/DeutscherVereinSheffields,https://www.instagram.com/deutschervereinsheff,
Darts Society,darts-soc@sheffield.ac,https://twitter.com/UosDarts,https://www.facebook.com/SheffieldUniDarts,,
Dental Students' Society,sudss@sheffield.ac.uk,https://twitter.com/sudssweb,https://www.facebook.com/sudssweb/,https://www.instagram.com/instasudss,https://youtube.com/user/SudssWeb
Dental Research Society,dsrs@sheffield.ac.uk,,,,
Croquet Society,croquet@sheffield.ac.uk,,https://www.facebook.com/groups/961777110549969/,,
Criminology Society,crimsoc@sheffield.ac.uk,,https://www.facebook.com/UniversityOfSheffieldCrimSoc/,,
Craft Club Society,craftclub@sheffield.ac.uk,,https://www.facebook.com/facebook.com/sheffcraftclub,https://www.instagram.com/sheffcraftclub,
Cosplay Society,cossoc@sheffield.ac.uk,,https://www.facebook.com/shefcossoc/,,
Coppafeel! Society,coppafeel@sheffield.ac.uk,https://twitter.com/ubtsheffield,https://www.facebook.com/CoppafeelSocietyUoS,https://www.instagram.com/shefuniboobteam,
Conservative Future Society,,,,,
Computer Science Society,compsci.soc@sheffield.ac.uk,https://twitter.com/shefcompsoc,https://www.facebook.com/shefcompsoc,https://www.instagram.com/shefcompsoc,
Dance Society,sheffielddancesociety@gmail.com,https://twitter.com/UoS_dancesoc,https://www.facebook.com/sheffielddancesociety,https://www.instagram.com/sheffield_dance_soc,https://youtube.com/user/UCzSDVSQ2HKNGfOHaay_4_eA
Computer Gaming Society,slugs@sheffield.ac.uk,https://twitter.com/slugsoc,https://www.facebook.com/SLUGSoc,https://www.instagram.com/slugsoc,https://youtube.com/user/slugsoc
Comic Book Society,Comicbooksoc@sheffield.ac.uk,,https://www.facebook.com/groups/123012771083930/,,
Comedy Improvisation Society,shrimpsimprov@sheffield.ac.uk,,https://www.facebook.com/https://www.facebook.com/groups/380908471931234,,https://youtube.com/user/theshrimps
Christian Orthodox Society,cos@sheffield.ac.uk,,https://www.facebook.com/groups/163643731891/,,
Christian Medical Fellowship Society,Nu4cmf@sheffield.ac.uk,,https://www.facebook.com/groups/1890088157949139/,,
Comedy Revue Society,Sucre@sheffield.ac.uk,https://twitter.com/sheffieldrevue,https://www.facebook.com/thesheffieldrevue,,https://youtube.com/user/ShefUniRevue
Civil Engineering Society,civengsoc@Sheffield.ac.uk,https://twitter.com/CivSocSheffield,https://www.facebook.com/TheUniveristyOfSheffieldCivSoc,https://www.instagram.com/civsocsheffield,
Christian Union Society,christian-union@sheffield.ac.uk,,https://www.facebook.com/ShefUniCU,https://www.instagram.com/shefunicu,
Chinese Students' and Scholars' Association Societ,CSSA@sheffield.ac.uk,,https://www.facebook.com/sheffieldcssa/,,
Chinese Society,chi.soc@sheffield.ac.uk,,https://www.facebook.com/chisocuos/,,
"Chinese Classical Dance, Performing Arts and Wellb",cdpaws@sheffield.ac.uk,,https://www.facebook.com/WanlinDanceSchool/,https://www.instagram.com/wanlindanceacademy,https://youtube.com/user/WanlinDanceSchool
Ceilidh Society,ceilidh.soc@sheffield.ac.uk,https://twitter.com/ceilidhsoc,https://www.facebook.com/ceilidhsoc/,,
Chess Society,chess@sheffield.ac.uk,,https://www.facebook.com/groups/153844994635586/,,
Chemistry Society,chemsoc@sheffield.ac.uk,https://twitter.com/UOSChemSoc,https://www.facebook.com/sheffieldchemsoc/,https://www.instagram.com/uoschemsoc,
Chemical Engineering Society,chemeng.soc@sheffield.ac.uk,,https://www.facebook.com/sheffchemeng,https://www.instagram.com/sheffchemeng,
Chamber Choir Society,chamberchoir@sheffield.ac.uk,https://twitter.com/uoschamberchoir,https://www.facebook.com/uoschamberchoir/,https://www.instagram.com/uos_chamberchoir,
Catholic Chaplaincy Fellowship Society,,,,,
Cardio Society,cardiosoc@sheffield.ac.uk,,https://www.facebook.com/SheffieldCardioSoc,https://www.instagram.com/Sheffieldcardiosoc,
Card Gaming Society,cardgaming@sheffield.ac.uk,https://twitter.com/CardGamesSoc,https://www.facebook.com/SheffieldCardGamesSociety,,
Capoeira Society,capoeira@sheffield.ac.uk,,https://www.facebook.com/sheffieldcapoeira,,
Carbon Neutral Society,cnu@sheffield.ac.uk,,https://www.facebook.com/carbonneutralunishef,https://www.instagram.com/carbonneutralsociety,
Brunei Society,brunei@sheffield.ac.uk,,,https://www.instagram.com/brusheff,
Bulgarian Society,bulgariansociety@sheffield.ac.uk,,,,
Buddhist Society,buddhist.society@sheffield.ac.uk,,https://www.facebook.com/SheffieldBuddhistSociety,,
Burlesque Society,burlesque@sheffield.ac.uk,,https://www.facebook.com/burlesquesheff,https://www.instagram.com/steelcitysirens,https://youtube.com/user//channel/UCeYNrIE1wLefj9rtEZmAUOQ
Brass Band Society,brassband@sheffield.ac.uk,https://twitter.com/USBBShef,https://www.facebook.com/UoSBB,https://www.instagram.com/usbbsheff,
British Asian Society,britishasian@sheffield.ac.uk,,https://www.facebook.com/sheffieldBAS,https://www.instagram.com/britasiasheffield,
Book Society,booksoc@sheffield.ac.uk,,https://www.facebook.com/UniversityofSheffieldBookSociety,,
Board Games Society,boardsoc@sheffield.ac.uk,,https://www.facebook.com/UoSBGS,https://www.instagram.com/boardsocuos,
Bionics Society,bionics@sheffield.ac.uk,,https://www.facebook.com/sheffieldbionicssociety,,
Arab Society,arabsoc@sheffield.ac.uk,https://twitter.com/UoSArabSoc,https://www.facebook.com/UoSArabSoc/,https://www.instagram.com/uosarabsoc,
Biomedical Science Society,bmssoc@sheffield.ac.uk,https://twitter.com/BMSSOC,https://www.facebook.com/bmssoc,https://www.instagram.com/bmssoc,
Biomedical PhD Society,,,,,
Biology Society,biology.society@sheffield.ac.uk,,https://www.facebook.com/sheffieldbiosoc,,
Bioengineering Society,bioeng.soc@sheffield.ac.uk,,https://www.facebook.com/groups/BioengineeringSoc,https://www.instagram.com/uosbioengsoc,
Anime Society,ainme@sheffield.ac.uk,https://twitter.com/SheffSocAnime,https://www.facebook.com/groups/262870563747482/,,
Animal Appreciation Society,animalappreciation@sheffield.ac.uk,,https://www.facebook.com/reurl.cc/k0x8n,https://www.instagram.com/animalsoc,
Anatomy Society,anatomysociety@sheffield.ac.uk,,https://www.facebook.com/sheffieldanatomysociety,https://www.instagram.com/sheffield_anatomysoc,
Anaesthesia Society,ansoc@sheffield.ac.uk,https://twitter.com/ShefAnCritCare,https://www.facebook.com/ShefAnCritCare,,
Airsoft Society,airsoft@sheffield.ac.uk,,,,
Amnesty International Society,amnesty.international@sheffield.ac.uk,,https://www.facebook.com/SheffieldUniversityAmnestyInternational,https://www.instagram.com/uosamnesty,
Alternative Economics Society,alt.think.econ@sheffield.ac.uk,https://twitter.com/alteconsheff,https://www.facebook.com/AltEconSheff,,
Allotment Society,allotmentsoc@sheffield.ac.uk,,,,
Ahmadiyya Society,activities@sheffield.ac.uk,,,,
Ahlulbayt Society,absoc@sheffield.ac.uk,https://twitter.com/Sheffield_ABSoc,https://www.facebook.com/SheffieldABSoc,https://www.instagram.com/sheffieldabsoc,
Afrodance Society,Afrodancesoc@sheffield.ac.uk,https://twitter.com/afrodancesoc,https://www.facebook.com/Afrodancesoc/,https://www.instagram.com/afrodancesoc,
African Christian Society,africanchristian@sheffield.ac.uk,,,,
African Caribbean Society,africarr@sheffield.ac.uk,https://twitter.com/acssheffield,https://www.facebook.com/sheffield.acs,https://www.instagram.com/acssheffield,https://youtube.com/user/UCxvrs-kbcZcdxntPyj3ipyw
Aerospace Engineering Rugby Club,sheffieldengineers@gmail.com,https://twitter.com/twitter.com/sheffengrfc,https://www.facebook.com/facebook.com/SheffEngRFC,https://www.instagram.com/instagram.com/sheffengrfc,
Acute Care and Trauma Society,actsoc@sheffield.ac.uk,,,,
AEGEE Society,aegee@sheffield.ac.uk,,https://www.facebook.com/AEGEE-Sheffield,https://www.instagram.com/aegee_sheffield,
Aerospace Engineering Society,aerospace.society@sheffield.ac.uk,https://twitter.com/SheffUniAeroSoc,https://www.facebook.com/uosaerosoc/,https://www.instagram.com/sheffieldaerosoc,
Academic Medicine Society,sams@sheffield.ac.uk,https://twitter.com/ShefAcademMed,https://www.facebook.com/SheffieldAcademicMedicineSociety,,
